<?xml version="1.0" encoding="UTF-8"?>
<LightningComponentBundle xmlns="http://soap.sforce.com/2006/04/metadata">
  <apiVersion>60.0</apiVersion>
  <isExposed>true</isExposed>
  <targets>
    <target>lightning__RecordPage</target>
    <target>lightning__AppPage</target>
    <target>lightning__HomePage</target>
    <target>lightning__UtilityBar</target>
  </targets>
  <targetConfigs>
    <targetConfig targets="lightning__RecordPage">
      <objects>
        <!-- Add your object API names here if you want to restrict placement -->
        <!-- <object>Opportunity</object> -->
        <!-- <object>Loan__c</object> -->
      </objects>
    </targetConfig>
  </targetConfigs>
</LightningComponentBundle>
